config,path,solver,ode_steps,tau,seed,n_steps,elbo,kl,elbo_mc_stderr,ms_per_step,cumulative_train_s
Score Function,,,,,2,200,-1.0717620849609375,1.0717620849609375,0.05441156029701233,2.943820835207589,0.5887641670415178
Score Function,,,,,2,400,-0.2272782325744629,0.2272782325744629,0.010160194709897041,2.8790179174393415,1.1516071669757366
Score Function,,,,,2,800,-0.11305594444274902,0.11305594444274902,0.006035661790519953,2.8268793238385115,2.261503459070809
Score Function,,,,,2,1600,-0.07512034475803375,0.07512034475803375,0.0040990207344293594,2.80672947941639,4.490767167066224
Score Function,,,,,2,3200,-0.05269869416952133,0.05269869416952133,0.0032985853031277657,2.868627578136511,9.179608250036836
Score Function,,,,,1,200,-0.9915902614593506,0.9915902614593506,0.04647247493267059,2.955250414670445,0.591050082934089
Score Function,,,,,1,400,-0.29944008588790894,0.29944008588790894,0.008949500508606434,2.857617082481738,1.1430468329926953
Score Function,,,,,1,800,-0.09149458259344101,0.09149458259344101,0.004033172503113747,2.837344635045156,2.2698757080361247
Score Function,,,,,1,1600,-0.05424566566944122,0.05424566566944122,0.0029186697211116552,2.815332004975062,4.504531207960099
Score Function,,,,,1,3200,-0.047208063304424286,0.047208063304424286,0.0023997495882213116,2.884788723749807,9.231323915999383
Score Function,,,,,3,200,-0.8976025581359863,0.8976025581359863,0.040791526436805725,2.7533274999586865,0.5506654999917373
Score Function,,,,,3,400,-0.31994950771331787,0.31994950771331787,0.011270122602581978,2.701510729966685,1.080604291986674
Score Function,,,,,3,800,-0.16763919591903687,0.16763919591903687,0.005695141851902008,2.6747337498818524,2.139786999905482
Score Function,,,,,3,1600,-0.035426679998636246,0.035426679998636246,0.0025721704587340355,2.670133749998058,4.272213999996893
Score Function,,,,,3,3200,-0.03808312863111496,0.03808312863111496,0.002374151488766074,2.7147765624977183,8.687284999992698
Straight-Through (annealed),,,,,1,200,-0.8343043923377991,0.8343043923377991,0.045489683747291565,3.2142741698771715,0.6428548339754343
Straight-Through (annealed),,,,,1,400,-0.2236313372850418,0.2236313372850418,0.006659588310867548,3.1945569801609963,1.2778227920643985
Straight-Through (annealed),,,,,1,800,-0.1312994807958603,0.1312994807958603,0.004694307688623667,3.158911302452907,2.5271290419623256
Straight-Through (annealed),,,,,1,1600,-0.10817582160234451,0.10817582160234451,0.004431873094290495,3.1419781775184674,5.027165084029548
Straight-Through (annealed),,,,,1,3200,-0.10383583605289459,0.10383583605289459,0.004506475757807493,3.1792104559281142,10.173473458969966
Straight-Through (annealed),,,,,3,200,-1.0376156568527222,1.0376156568527222,0.03341000899672508,3.2358272903366014,0.6471654580673203
Straight-Through (annealed),,,,,3,400,-0.410878449678421,0.410878449678421,0.010098392143845558,3.2230580202303827,1.289223208092153
Straight-Through (annealed),,,,,3,800,-0.16481733322143555,0.16481733322143555,0.0041836900636553764,3.205294478830183,2.5642355830641463
Straight-Through (annealed),,,,,3,1600,-0.07675541192293167,0.07675541192293167,0.0038247567135840654,3.1976916669373168,5.116306667099707
Straight-Through (annealed),,,,,3,3200,-0.0565100833773613,0.0565100833773613,0.0030649013351649046,3.19222070313117,10.215106250019744
Straight-Through (annealed),,,,,2,200,-0.8610254526138306,0.8610254526138306,0.04076318442821503,4.047322294791229,0.8094644589582458
Straight-Through (annealed),,,,,2,400,-0.2186799943447113,0.2186799943447113,0.007801795843988657,3.526283647515811,1.4105134590063244
Straight-Through (annealed),,,,,2,800,-0.13140660524368286,0.13140660524368286,0.005194561555981636,3.243258021248039,2.594606416998431
Straight-Through (annealed),,,,,2,1600,-0.10990608483552933,0.10990608483552933,0.0044486126862466335,3.0944618493231246,4.951138958916999
Straight-Through (annealed),,,,,2,3200,-0.10603438317775726,0.10603438317775726,0.004591441713273525,3.048656666869647,9.75570133398287
Straight-Through (tau=2.0),,,,2.0,3,200,-1.1806118488311768,1.1806118488311768,0.03776324912905693,3.2178512500831857,0.6435702500166371
Straight-Through (tau=2.0),,,,2.0,3,400,-0.4849781095981598,0.4849781095981598,0.012716458179056644,3.2025227075791918,1.2810090830316767
Straight-Through (tau=2.0),,,,2.0,3,800,-0.29022324085235596,0.29022324085235596,0.0064889974892139435,3.1941778649343178,2.555342291947454
Straight-Through (tau=2.0),,,,2.0,3,1600,-0.11216554045677185,0.11216554045677185,0.004104662220925093,3.1571544012695085,5.051447042031214
Straight-Through (tau=2.0),,,,2.0,3,3200,-0.08704669773578644,0.08704669773578644,0.0036516250111162663,3.1629861850160523,10.121555792051367
Straight-Through (tau=2.0),,,,2.0,2,200,-1.2520267963409424,1.2520267963409424,0.05509856715798378,3.2384710403857753,0.647694208077155
Straight-Through (tau=2.0),,,,2.0,2,400,-0.41103217005729675,0.41103217005729675,0.014339843764901161,3.237898542720359,1.2951594170881435
Straight-Through (tau=2.0),,,,2.0,2,800,-0.18885618448257446,0.18885618448257446,0.005893858149647713,3.248876718862448,2.5991013750899583
Straight-Through (tau=2.0),,,,2.0,2,1600,-0.13015657663345337,0.13015657663345337,0.005030921660363674,3.265375312548713,5.2246005000779405
Straight-Through (tau=2.0),,,,2.0,2,3200,-0.11471448093652725,0.11471448093652725,0.004578046966344118,3.2395859765892965,10.366675125085749
Straight-Through (tau=2.0),,,,2.0,1,200,-0.9868971109390259,0.9868971109390259,0.05382886528968811,3.057026044698432,0.6114052089396864
Straight-Through (tau=2.0),,,,2.0,1,400,-0.2988157868385315,0.2988157868385315,0.009526819922029972,3.0737904174020514,1.2295161669608206
Straight-Through (tau=2.0),,,,2.0,1,800,-0.1788998246192932,0.1788998246192932,0.005740037187933922,3.0941461461770814,2.475316916941665
Straight-Through (tau=2.0),,,,2.0,1,1600,-0.1210511177778244,0.1210511177778244,0.004813144914805889,3.0919650262512732,4.947144042002037
Straight-Through (tau=2.0),,,,2.0,1,3200,-0.10933053493499756,0.10933053493499756,0.004756552167236805,3.092551276240556,9.89616408396978
Straight-Through (tau=0.5),,,,0.5,2,200,-0.7849215865135193,0.7849215865135193,0.03971100598573685,3.2681093749124557,0.6536218749824911
Straight-Through (tau=0.5),,,,0.5,2,400,-0.2395419478416443,0.2395419478416443,0.007547418121248484,3.262926457391586,1.3051705829566345
Straight-Through (tau=0.5),,,,0.5,2,800,-0.18680858612060547,0.18680858612060547,0.00595983536913991,3.264793801208725,2.61183504096698
Straight-Through (tau=0.5),,,,0.5,2,1600,-0.10963157564401627,0.10963157564401627,0.004417272750288248,3.2520449475123314,5.20327191601973
Straight-Through (tau=0.5),,,,0.5,2,3200,-0.10286691784858704,0.10286691784858704,0.00450356537476182,3.250330039045366,10.401056124945171
Straight-Through (tau=0.5),,,,0.5,1,200,-0.7055622339248657,0.7055622339248657,0.04198778048157692,3.208936874871142,0.6417873749742284
Straight-Through (tau=0.5),,,,0.5,1,400,-0.16703541576862335,0.16703541576862335,0.005006286781281233,3.216448332532309,1.2865793330129236
Straight-Through (tau=0.5),,,,0.5,1,800,-0.11601872742176056,0.11601872742176056,0.004448386374861002,3.2147727599658538,2.571818207972683
Straight-Through (tau=0.5),,,,0.5,1,1600,-0.1130332425236702,0.1130332425236702,0.004411652218550444,3.270265573155484,5.232424917048775
Straight-Through (tau=0.5),,,,0.5,1,3200,-0.11029887944459915,0.11029887944459915,0.004647823516279459,3.280277630328783,10.496888417052105
Straight-Through (tau=0.5),,,,0.5,3,200,-1.0122953653335571,1.0122953653335571,0.03207257390022278,3.061315420200117,0.6122630840400234
Straight-Through (tau=0.5),,,,0.5,3,400,-0.3479515016078949,0.3479515016078949,0.008823948912322521,3.072005312424153,1.2288021249696612
Straight-Through (tau=0.5),,,,0.5,3,800,-0.12758366763591766,0.12758366763591766,0.003913172520697117,3.06840999997803,2.454727999982424
Straight-Through (tau=0.5),,,,0.5,3,1600,-0.06614643335342407,0.06614643335342407,0.0036336190532892942,3.054588385639363,4.887341417022981
Straight-Through (tau=0.5),,,,0.5,3,3200,-0.05354157090187073,0.05354157090187073,0.002951943315565586,3.0584665234346176,9.787092874990776
Straight-Through (tau=0.1),,,,0.1,1,200,-0.7930952310562134,0.7930952310562134,0.046082742512226105,3.254215624765493,0.6508431249530986
Straight-Through (tau=0.1),,,,0.1,1,400,-0.17322494089603424,0.17322494089603424,0.005047078710049391,3.2450784373213537,1.2980313749285415
Straight-Through (tau=0.1),,,,0.1,1,800,-0.12222085148096085,0.12222085148096085,0.004574930761009455,3.2687296874064486,2.614983749925159
Straight-Through (tau=0.1),,,,0.1,1,1600,-0.10497085750102997,0.10497085750102997,0.004275452811270952,3.2683284893573727,5.229325582971796
Straight-Through (tau=0.1),,,,0.1,1,3200,-0.10249526053667068,0.10249526053667068,0.004283237271010876,3.2192133334319806,10.301482666982338
Straight-Through (tau=0.1),,,,0.1,3,200,-1.2111870050430298,1.2111870050430298,0.03565416485071182,3.1504472898086533,0.6300894579617307
Straight-Through (tau=0.1),,,,0.1,3,400,-0.2420024871826172,0.2420024871826172,0.007993143051862717,3.2979758325382136,1.3191903330152854
Straight-Through (tau=0.1),,,,0.1,3,800,-0.0849405974149704,0.0849405974149704,0.003945264033973217,3.28336041624425,2.6266883329954
Straight-Through (tau=0.1),,,,0.1,3,1600,-0.044394321739673615,0.044394321739673615,0.0029449271969497204,3.2244309112866176,5.159089458058588
Straight-Through (tau=0.1),,,,0.1,3,3200,-0.04184781014919281,0.04184781014919281,0.002306072972714901,3.240349518127914,10.369118458009325
Straight-Through (tau=0.1),,,,0.1,2,200,-0.8693509101867676,0.8693509101867676,0.04486636072397232,3.0296416650526226,0.6059283330105245
Straight-Through (tau=0.1),,,,0.1,2,400,-0.1489575207233429,0.1489575207233429,0.0064415098167955875,3.0233476022840478,1.209339040913619
Straight-Through (tau=0.1),,,,0.1,2,800,-0.07385912537574768,0.07385912537574768,0.0032839826308190823,3.0388952074281406,2.4311161659425125
Straight-Through (tau=0.1),,,,0.1,2,1600,-0.06225039064884186,0.06225039064884186,0.003015414346009493,3.077179244355648,4.9234867909690365
Straight-Through (tau=0.1),,,,0.1,2,3200,-0.0605582520365715,0.0605582520365715,0.0038763112388551235,3.061918945313664,9.798140625003725
ODE linear euler (steps=4),linear,euler,4.0,,3,200,-0.5875089764595032,0.5875089764595032,0.018799690529704094,12.330285414936952,2.4660570829873905
ODE linear euler (steps=4),linear,euler,4.0,,3,400,-0.31719812750816345,0.31719812750816345,0.00970455538481474,12.342404375085607,4.936961750034243
ODE linear euler (steps=4),linear,euler,4.0,,3,800,-0.5693156123161316,0.5693156123161316,0.00920808780938387,12.274251926282886,9.81940154102631
ODE linear euler (steps=4),linear,euler,4.0,,3,1600,-3.1461331844329834,3.1461331844329834,0.046118445694446564,12.280312942530145,19.648500708048232
ODE linear euler (steps=4),linear,euler,4.0,,3,3200,-6.371430397033691,6.371430397033691,0.14225031435489655,12.110811484380974,38.75459675001912
ODE linear euler (steps=4),linear,euler,4.0,,2,200,-0.7205442786216736,0.7205442786216736,0.037458598613739014,12.10691541491542,2.421383082983084
ODE linear euler (steps=4),linear,euler,4.0,,2,400,-0.35129913687705994,0.35129913687705994,0.013593382202088833,12.051716144778766,4.820686457911506
ODE linear euler (steps=4),linear,euler,4.0,,2,800,-1.102852463722229,1.102852463722229,0.015035861171782017,12.03929875002359,9.631439000018872
ODE linear euler (steps=4),linear,euler,4.0,,2,1600,-7.302609443664551,7.302609443664551,0.0959194079041481,11.948923593736254,19.118277749978006
ODE linear euler (steps=4),linear,euler,4.0,,2,3200,-9.785823822021484,9.785823822021484,0.18631944060325623,11.995750924361346,38.38640295795631
ODE linear euler (steps=4),linear,euler,4.0,,1,200,-0.606353759765625,0.606353759765625,0.04212675616145134,11.552254584967159,2.3104509169934317
ODE linear euler (steps=4),linear,euler,4.0,,1,400,-0.40902185440063477,0.40902185440063477,0.01361587829887867,11.71699937491212,4.686799749964848
ODE linear euler (steps=4),linear,euler,4.0,,1,800,-0.697018027305603,0.697018027305603,0.009955122135579586,11.617587343789637,9.29406987503171
ODE linear euler (steps=4),linear,euler,4.0,,1,1600,-5.3861846923828125,5.3861846923828125,0.07551883906126022,11.588345468771877,18.541352750035003
ODE linear euler (steps=4),linear,euler,4.0,,1,3200,-9.337350845336914,9.337350845336914,0.09359419345855713,11.48152290374128,36.74087329197209
ODE linear euler (steps=16),linear,euler,16.0,,2,200,-0.7527807354927063,0.7527807354927063,0.03175431117415428,41.11513896030374,8.223027792060748
ODE linear euler (steps=16),linear,euler,16.0,,2,400,-0.22654369473457336,0.22654369473457336,0.008479119278490543,40.98947104270337,16.39578841708135
ODE linear euler (steps=16),linear,euler,16.0,,2,800,-0.11723977327346802,0.11723977327346802,0.004075817763805389,40.90076182372286,32.72060945897829
ODE linear euler (steps=16),linear,euler,16.0,,2,1600,-0.09269773215055466,0.09269773215055466,0.0044107381254434586,40.60916476562852,64.97466362500563
ODE linear euler (steps=16),linear,euler,16.0,,2,3200,-0.06902150809764862,0.06902150809764862,0.004137835931032896,40.109379245004675,128.35001358401496
ODE linear euler (steps=16),linear,euler,16.0,,1,200,-0.5469347238540649,0.5469347238540649,0.03297928720712662,41.6243054199731,8.32486108399462
ODE linear euler (steps=16),linear,euler,16.0,,1,400,-0.1682264804840088,0.1682264804840088,0.006235675886273384,40.922163959767204,16.36886558390688
ODE linear euler (steps=16),linear,euler,16.0,,1,800,-0.10098455846309662,0.10098455846309662,0.004374316893517971,40.58115427120356,32.46492341696285
ODE linear euler (steps=16),linear,euler,16.0,,1,1600,-0.08205897361040115,0.08205897361040115,0.0039840382523834705,40.49121528682008,64.78594445891213
ODE linear euler (steps=16),linear,euler,16.0,,1,3200,-0.07399187982082367,0.07399187982082367,0.003666016971692443,38.563528007798595,123.4032896249555
ODE linear euler (steps=16),linear,euler,16.0,,3,200,-0.6779025197029114,0.6779025197029114,0.01980169676244259,38.92111062479671,7.784222124959342
ODE linear euler (steps=16),linear,euler,16.0,,3,400,-0.3277668356895447,0.3277668356895447,0.008969103917479515,38.402597397507634,15.361038959003054
ODE linear euler (steps=16),linear,euler,16.0,,3,800,-0.11036743223667145,0.11036743223667145,0.004632859490811825,38.181782396131894,30.545425916905515
ODE linear euler (steps=16),linear,euler,16.0,,3,1600,-0.05615297704935074,0.05615297704935074,0.0028791395016014576,38.129370390597614,61.00699262495618
ODE linear euler (steps=16),linear,euler,16.0,,3,3200,-0.050884708762168884,0.050884708762168884,0.0031238046940416098,36.28290147153166,116.10528470890131
ODE linear midpoint (steps=4),linear,midpoint,4.0,,1,200,-0.5651249885559082,0.5651249885559082,0.031966112554073334,15.884398749913089,3.176879749982618
ODE linear midpoint (steps=4),linear,midpoint,4.0,,1,400,-0.17431984841823578,0.17431984841823578,0.005559270735830069,15.837181874958333,6.334872749983333
ODE linear midpoint (steps=4),linear,midpoint,4.0,,1,800,-0.1077292412519455,0.1077292412519455,0.004326631780713797,15.744080885051517,12.595264708041213
ODE linear midpoint (steps=4),linear,midpoint,4.0,,1,1600,-0.07620158046483994,0.07620158046483994,0.0036324947141110897,15.772572890637093,25.23611662501935
ODE linear midpoint (steps=4),linear,midpoint,4.0,,1,3200,-0.06633521616458893,0.06633521616458893,0.0032199379056692123,15.800104830632336,50.560335458023474
ODE linear midpoint (steps=4),linear,midpoint,4.0,,3,200,-0.6874038577079773,0.6874038577079773,0.019589297473430634,15.351768960244954,3.0703537920489907
ODE linear midpoint (steps=4),linear,midpoint,4.0,,3,400,-0.3139610290527344,0.3139610290527344,0.009429003112018108,15.32800999993924,6.131203999975696
ODE linear midpoint (steps=4),linear,midpoint,4.0,,3,800,-0.10533085465431213,0.10533085465431213,0.004228966310620308,15.302676823775982,12.242141459020786
ODE linear midpoint (steps=4),linear,midpoint,4.0,,3,1600,-0.04867757111787796,0.04867757111787796,0.0024886128958314657,15.321633229395957,24.51461316703353
ODE linear midpoint (steps=4),linear,midpoint,4.0,,3,3200,-0.0427643358707428,0.0427643358707428,0.002775889588519931,15.315066718758317,49.00821350002661
ODE linear midpoint (steps=4),linear,midpoint,4.0,,2,200,-0.7687184810638428,0.7687184810638428,0.031663987785577774,14.71114520507399,2.942229041014798
ODE linear midpoint (steps=4),linear,midpoint,4.0,,2,400,-0.21827039122581482,0.21827039122581482,0.007750129327178001,14.673661457491107,5.869464582996443
ODE linear midpoint (steps=4),linear,midpoint,4.0,,2,800,-0.11089686304330826,0.11089686304330826,0.0037551317363977432,14.684774062479846,11.747819249983877
ODE linear midpoint (steps=4),linear,midpoint,4.0,,2,1600,-0.08430923521518707,0.08430923521518707,0.0038584594149142504,14.62660158817016,23.402562541072257
ODE linear midpoint (steps=4),linear,midpoint,4.0,,2,3200,-0.05857289582490921,0.05857289582490921,0.003554872004315257,14.670030611887341,46.94409795803949
ODE linear midpoint (steps=8),linear,midpoint,8.0,,3,200,-0.685836911201477,0.685836911201477,0.01946839690208435,29.76921708555892,5.953843417111784
ODE linear midpoint (steps=8),linear,midpoint,8.0,,3,400,-0.31205716729164124,0.31205716729164124,0.009421693161129951,29.990090730134398,11.996036292053759
ODE linear midpoint (steps=8),linear,midpoint,8.0,,3,800,-0.10088633000850677,0.10088633000850677,0.004054369870573282,30.506917656311998,24.4055341250496
ODE linear midpoint (steps=8),linear,midpoint,8.0,,3,1600,-0.055122360587120056,0.055122360587120056,0.0026481093373149633,30.164568880645675,48.26331020903308
ODE linear midpoint (steps=8),linear,midpoint,8.0,,3,3200,-0.04389166086912155,0.04389166086912155,0.0027121822349727154,29.93106907564652,95.77942104206886
ODE linear midpoint (steps=8),linear,midpoint,8.0,,2,200,-0.7666544914245605,0.7666544914245605,0.03162902593612671,29.77503895992413,5.955007791984826
ODE linear midpoint (steps=8),linear,midpoint,8.0,,2,400,-0.21010519564151764,0.21010519564151764,0.007720437366515398,29.69892687484389,11.879570749937557
ODE linear midpoint (steps=8),linear,midpoint,8.0,,2,800,-0.11051599681377411,0.11051599681377411,0.0038531317841261625,29.657984583755024,23.72638766700402
ODE linear midpoint (steps=8),linear,midpoint,8.0,,2,1600,-0.08203008770942688,0.08203008770942688,0.0038044245447963476,29.713011432468193,47.54081829194911
ODE linear midpoint (steps=8),linear,midpoint,8.0,,2,3200,-0.05784578621387482,0.05784578621387482,0.0034643025137484074,29.73645485686575,95.1566555419704
ODE linear midpoint (steps=8),linear,midpoint,8.0,,1,200,-0.5692188143730164,0.5692188143730164,0.03284313157200813,27.744613335235044,5.548922667047009
ODE linear midpoint (steps=8),linear,midpoint,8.0,,1,400,-0.1715412139892578,0.1715412139892578,0.005529534071683884,27.691390104882885,11.076556041953154
ODE linear midpoint (steps=8),linear,midpoint,8.0,,1,800,-0.10896114259958267,0.10896114259958267,0.0045891921035945415,27.695492603816092,22.156394083052874
ODE linear midpoint (steps=8),linear,midpoint,8.0,,1,1600,-0.07501595467329025,0.07501595467329025,0.00368665624409914,27.726019921901752,44.361631875042804
ODE linear midpoint (steps=8),linear,midpoint,8.0,,1,3200,-0.06624092161655426,0.06624092161655426,0.003234798088669777,27.716527174379735,88.69288695801515
ODE linear midpoint (steps=32),linear,midpoint,32.0,,2,200,-0.7658768892288208,0.7658768892288208,0.03163351118564606,118.63529500027653,23.727059000055306
ODE linear midpoint (steps=32),linear,midpoint,32.0,,2,400,-0.2095838189125061,0.2095838189125061,0.007718523032963276,118.3170504149166,47.32682016596664
ODE linear midpoint (steps=32),linear,midpoint,32.0,,2,800,-0.11071047186851501,0.11071047186851501,0.0038477641064673662,118.15540244744625,94.524321957957
ODE linear midpoint (steps=32),linear,midpoint,32.0,,2,1600,-0.08280731737613678,0.08280731737613678,0.0038901078514754772,118.16538033810502,189.06460854096804
ODE linear midpoint (steps=32),linear,midpoint,32.0,,2,3200,-0.05768822878599167,0.05768822878599167,0.0034950680565088987,118.19562950498948,378.22601441596635
ODE linear midpoint (steps=32),linear,midpoint,32.0,,1,200,-0.5684202909469604,0.5684202909469604,0.032788705080747604,118.64583020971622,23.729166041943245
ODE linear midpoint (steps=32),linear,midpoint,32.0,,1,400,-0.169223353266716,0.169223353266716,0.005513254553079605,118.41465916746529,47.365863666986115
ODE linear midpoint (steps=32),linear,midpoint,32.0,,1,800,-0.10574448853731155,0.10574448853731155,0.004465353675186634,118.35077244744753,94.68061795795802
ODE linear midpoint (steps=32),linear,midpoint,32.0,,1,1600,-0.0752466470003128,0.0752466470003128,0.0037578335031867027,118.17366898438195,189.07787037501112
ODE linear midpoint (steps=32),linear,midpoint,32.0,,1,3200,-0.06478720903396606,0.06478720903396606,0.0031973677687346935,118.26168141938979,378.4373805420473
ODE linear midpoint (steps=32),linear,midpoint,32.0,,3,200,-0.6850837469100952,0.6850837469100952,0.019427232444286346,109.78632082988042,21.957264165976085
ODE linear midpoint (steps=32),linear,midpoint,32.0,,3,400,-0.3110165297985077,0.3110165297985077,0.009424325078725815,109.53243187483167,43.81297274993267
ODE linear midpoint (steps=32),linear,midpoint,32.0,,3,800,-0.10232558101415634,0.10232558101415634,0.004311562515795231,109.5839577075094,87.66716616600752
ODE linear midpoint (steps=32),linear,midpoint,32.0,,3,1600,-0.05648641660809517,0.05648641660809517,0.0027080990839749575,109.81989374995464,175.71182999992743
ODE linear midpoint (steps=32),linear,midpoint,32.0,,3,3200,-0.046026699244976044,0.046026699244976044,0.0026448636781424284,109.78407009093644,351.3090242909966
ODE linear rk4 (steps=8),linear,rk4,8.0,,1,200,-0.5685547590255737,0.5685547590255737,0.03278442099690437,60.03224042011425,12.00644808402285
ODE linear rk4 (steps=8),linear,rk4,8.0,,1,400,-0.16930824518203735,0.16930824518203735,0.005513893906027079,59.519025417394005,23.807610166957602
ODE linear rk4 (steps=8),linear,rk4,8.0,,1,800,-0.10659309476613998,0.10659309476613998,0.004582338035106659,59.55145968750003,47.64116775000002
ODE linear rk4 (steps=8),linear,rk4,8.0,,1,1600,-0.07435088604688644,0.07435088604688644,0.0037665271665900946,59.231169296908774,94.76987087505404
ODE linear rk4 (steps=8),linear,rk4,8.0,,1,3200,-0.06506138294935226,0.06506138294935226,0.0031661721877753735,59.08207052092621,189.06262566696387
ODE linear rk4 (steps=8),linear,rk4,8.0,,3,200,-0.6850354671478271,0.6850354671478271,0.01942409947514534,57.54068396054208,11.508136792108417
ODE linear rk4 (steps=8),linear,rk4,8.0,,3,400,-0.31083908677101135,0.31083908677101135,0.009424151852726936,57.36803989770124,22.947215959080495
ODE linear rk4 (steps=8),linear,rk4,8.0,,3,800,-0.11231032013893127,0.11231032013893127,0.004492407198995352,57.349004792631604,45.87920383410528
ODE linear rk4 (steps=8),linear,rk4,8.0,,3,1600,-0.04871843755245209,0.04871843755245209,0.002497605048120022,57.58492039065459,92.13587262504734
ODE linear rk4 (steps=8),linear,rk4,8.0,,3,3200,-0.0450226292014122,0.0450226292014122,0.0027246475219726562,57.61423726562498,184.36555924999993
ODE linear rk4 (steps=8),linear,rk4,8.0,,2,200,-0.7660313844680786,0.7660313844680786,0.03163402900099754,54.92065478989389,10.984130957978778
ODE linear rk4 (steps=8),linear,rk4,8.0,,2,400,-0.20876961946487427,0.20876961946487427,0.007734633516520262,54.530316042364575,21.81212641694583
ODE linear rk4 (steps=8),linear,rk4,8.0,,2,800,-0.10971391201019287,0.10971391201019287,0.0038540151435881853,54.46243760365178,43.56995008292142
ODE linear rk4 (steps=8),linear,rk4,8.0,,2,1600,-0.07967745512723923,0.07967745512723923,0.0038104476407170296,54.58195598934253,87.33112958294805
ODE linear rk4 (steps=8),linear,rk4,8.0,,2,3200,-0.05648167058825493,0.05648167058825493,0.0034130981657654047,54.51567725249333,174.45016720797867
ODE linear rk4 (steps=16),linear,rk4,16.0,,3,200,-0.6850361824035645,0.6850361824035645,0.01942436955869198,118.40576249989681,23.681152499979362
ODE linear rk4 (steps=16),linear,rk4,16.0,,3,400,-0.3108358383178711,0.3108358383178711,0.009424212388694286,118.09654239506926,47.238616958027706
ODE linear rk4 (steps=16),linear,rk4,16.0,,3,800,-0.10794399678707123,0.10794399678707123,0.0045400504022836685,117.94382666616002,94.35506133292802
ODE linear rk4 (steps=16),linear,rk4,16.0,,3,1600,-0.052514247596263885,0.052514247596263885,0.0025338821578770876,118.05453109373047,188.88724974996876
ODE linear rk4 (steps=16),linear,rk4,16.0,,3,3200,-0.044985197484493256,0.044985197484493256,0.0027033910155296326,117.99059470060456,377.5699030419346
ODE linear rk4 (steps=16),linear,rk4,16.0,,2,200,-0.7659635543823242,0.7659635543823242,0.03163101151585579,118.43483458505943,23.686966917011887
ODE linear rk4 (steps=16),linear,rk4,16.0,,2,400,-0.20978151261806488,0.20978151261806488,0.007693307474255562,118.36646250012564,47.346585000050254
ODE linear rk4 (steps=16),linear,rk4,16.0,,2,800,-0.10922521352767944,0.10922521352767944,0.0038488321006298065,118.27160562505014,94.61728450004011
ODE linear rk4 (steps=16),linear,rk4,16.0,,2,1600,-0.07910176366567612,0.07910176366567612,0.0037654400803148746,118.0000605994428,188.8000969591085
ODE linear rk4 (steps=16),linear,rk4,16.0,,2,3200,-0.05546010285615921,0.05546010285615921,0.0034379337448626757,118.20189855468925,378.2460753750056
ODE linear rk4 (steps=16),linear,rk4,16.0,,1,200,-0.5685358643531799,0.5685358643531799,0.03278432413935661,111.4688906254014,22.29377812508028
ODE linear rk4 (steps=16),linear,rk4,16.0,,1,400,-0.16986671090126038,0.16986671090126038,0.005499960854649544,111.85468750016298,44.74187500006519
ODE linear rk4 (steps=16),linear,rk4,16.0,,1,800,-0.10500491410493851,0.10500491410493851,0.0045556193217635155,111.94544083380606,89.55635266704485
ODE linear rk4 (steps=16),linear,rk4,16.0,,1,1600,-0.07535654306411743,0.07535654306411743,0.0037479980383068323,111.59968716194271,178.55949945910834
ODE linear rk4 (steps=16),linear,rk4,16.0,,1,3200,-0.06474990397691727,0.06474990397691727,0.0031870545353740454,111.16104238284606,355.7153356251074
ODE linear dopri5,linear,dopri5,,,2,200,-0.7635393142700195,0.7635393142700195,0.03157471865415573,69.08801500045229,13.817603000090457
ODE linear dopri5,linear,dopri5,,,2,400,-0.2063841074705124,0.2063841074705124,0.007677448447793722,74.76787291758228,29.907149167032912
ODE linear dopri5,linear,dopri5,,,2,800,-0.10868842899799347,0.10868842899799347,0.0038775289431214333,86.67275619882275,69.3382049590582
ODE linear dopri5,linear,dopri5,,,2,1600,-0.08157670497894287,0.08157670497894287,0.003914259374141693,95.30976674504927,152.49562679207884
ODE linear dopri5,linear,dopri5,,,2,3200,-0.056145429611206055,0.056145429611206055,0.0034126699902117252,101.04724166689266,323.3511733340565
ODE linear dopri5,linear,dopri5,,,1,200,-0.5693683624267578,0.5693683624267578,0.0328155942261219,62.29753562482074,12.459507124964148
ODE linear dopri5,linear,dopri5,,,1,400,-0.17323875427246094,0.17323875427246094,0.005507154390215874,76.02836062491406,30.411344249965623
ODE linear dopri5,linear,dopri5,,,1,800,-0.10665807873010635,0.10665807873010635,0.004499069415032864,88.18596640630858,70.54877312504686
ODE linear dopri5,linear,dopri5,,,1,1600,-0.07463410496711731,0.07463410496711731,0.0037585857789963484,97.04780044252402,155.27648070803843
ODE linear dopri5,linear,dopri5,,,1,3200,-0.0656542256474495,0.0656542256474495,0.0031807799823582172,103.65466816405387,331.6949381249724
ODE linear dopri5,linear,dopri5,,,3,200,-0.6906360983848572,0.6906360983848572,0.019502028822898865,57.75057312508579,11.550114625017159
ODE linear dopri5,linear,dopri5,,,3,400,-0.3087812066078186,0.3087812066078186,0.009336537681519985,61.75478364515584,24.701913458062336
ODE linear dopri5,linear,dopri5,,,3,800,-0.10466820001602173,0.10466820001602173,0.004487473983317614,77.53207218760508,62.025657750084065
ODE linear dopri5,linear,dopri5,,,3,1600,-0.04949159920215607,0.04949159920215607,0.0026636796537786722,91.61904648441123,146.59047437505797
ODE linear dopri5,linear,dopri5,,,3,3200,-0.044629015028476715,0.044629015028476715,0.0027157932054251432,101.42190363283589,324.55009162507486
ODE geometric euler (steps=8),geometric,euler,8.0,,1,200,-0.5608574151992798,0.5608574151992798,0.03621215373277664,20.055630830465816,4.011126166093163
ODE geometric euler (steps=8),geometric,euler,8.0,,1,400,-0.1733415275812149,0.1733415275812149,0.007781848777085543,19.88124708266696,7.952498833066784
ODE geometric euler (steps=8),geometric,euler,8.0,,1,800,-0.12987686693668365,0.12987686693668365,0.0058889021165668964,19.846338906354504,15.877071125083603
ODE geometric euler (steps=8),geometric,euler,8.0,,1,1600,-0.1115594133734703,0.1115594133734703,0.005428561475127935,19.78423713502707,31.65477941604331
ODE geometric euler (steps=8),geometric,euler,8.0,,1,3200,-0.1109776645898819,0.1109776645898819,0.005433551501482725,19.79672885408945,63.349532333086245
ODE geometric euler (steps=8),geometric,euler,8.0,,3,200,-0.5988534688949585,0.5988534688949585,0.018134774640202522,19.551590625196695,3.910318125039339
ODE geometric euler (steps=8),geometric,euler,8.0,,3,400,-0.24379152059555054,0.24379152059555054,0.007721437606960535,19.661044167587534,7.864417667035013
ODE geometric euler (steps=8),geometric,euler,8.0,,3,800,-0.15857267379760742,0.15857267379760742,0.006649254355579615,19.570659271266777,15.656527417013422
ODE geometric euler (steps=8),geometric,euler,8.0,,3,1600,-0.11410772800445557,0.11410772800445557,0.005122200585901737,19.458986796889803,31.134378875023685
ODE geometric euler (steps=8),geometric,euler,8.0,,3,3200,-0.10249646008014679,0.10249646008014679,0.0053344168700277805,19.448260416575067,62.234433333040215
ODE geometric euler (steps=8),geometric,euler,8.0,,2,200,-0.7884443402290344,0.7884443402290344,0.034601714462041855,18.90799146029167,3.7815982920583338
ODE geometric euler (steps=8),geometric,euler,8.0,,2,400,-0.2550513744354248,0.2550513744354248,0.00972476601600647,18.67034708498977,7.4681388339959085
ODE geometric euler (steps=8),geometric,euler,8.0,,2,800,-0.14222101867198944,0.14222101867198944,0.005450705997645855,18.593559636356076,14.874847709084861
ODE geometric euler (steps=8),geometric,euler,8.0,,2,1600,-0.12117882072925568,0.12117882072925568,0.006071080919355154,18.47479109375854,29.559665750013664
ODE geometric euler (steps=8),geometric,euler,8.0,,2,3200,-0.11196495592594147,0.11196495592594147,0.006053118500858545,18.533279166877037,59.30649333400652
ODE geometric euler (steps=16),geometric,euler,16.0,,3,200,-0.6184269189834595,0.6184269189834595,0.018077656626701355,38.41984478989616,7.683968957979232
ODE geometric euler (steps=16),geometric,euler,16.0,,3,400,-0.23512625694274902,0.23512625694274902,0.007073067594319582,38.09136833238881,15.236547332955524
ODE geometric euler (steps=16),geometric,euler,16.0,,3,800,-0.11725939810276031,0.11725939810276031,0.005202448461204767,37.89598947871127,30.316791582969017
ODE geometric euler (steps=16),geometric,euler,16.0,,3,1600,-0.06124994158744812,0.06124994158744812,0.0034098720643669367,37.82725294251577,60.52360470802523
ODE geometric euler (steps=16),geometric,euler,16.0,,3,3200,-0.05513777583837509,0.05513777583837509,0.0034457917790859938,37.79584397125291,120.9467007080093
ODE geometric euler (steps=16),geometric,euler,16.0,,2,200,-0.7670876979827881,0.7670876979827881,0.03189869970083237,38.84328333486337,7.768656666972674
ODE geometric euler (steps=16),geometric,euler,16.0,,2,400,-0.2338505983352661,0.2338505983352661,0.00832106452435255,38.6224990626215,15.4489996250486
ODE geometric euler (steps=16),geometric,euler,16.0,,2,800,-0.113516665995121,0.113516665995121,0.004176463931798935,38.476546250021784,30.781237000017427
ODE geometric euler (steps=16),geometric,euler,16.0,,2,1600,-0.08713440597057343,0.08713440597057343,0.0045536276884377,38.43961434940866,61.50338295905385
ODE geometric euler (steps=16),geometric,euler,16.0,,2,3200,-0.06709393858909607,0.06709393858909607,0.004265841096639633,38.41703863283328,122.9345236250665
ODE geometric euler (steps=16),geometric,euler,16.0,,1,200,-0.5536054372787476,0.5536054372787476,0.03389473631978035,35.768716250313446,7.153743250062689
ODE geometric euler (steps=16),geometric,euler,16.0,,1,400,-0.15754619240760803,0.15754619240760803,0.006511949002742767,35.634267292625736,14.253706917050295
ODE geometric euler (steps=16),geometric,euler,16.0,,1,800,-0.10114586353302002,0.10114586353302002,0.0046648504212498665,35.51060083380435,28.408480667043477
ODE geometric euler (steps=16),geometric,euler,16.0,,1,1600,-0.08179477602243423,0.08179477602243423,0.004218081012368202,35.49402007811295,56.790432124980725
ODE geometric euler (steps=16),geometric,euler,16.0,,1,3200,-0.07521723210811615,0.07521723210811615,0.0039572082459926605,35.5305881381355,113.6978820420336
ODE geometric midpoint (steps=4),geometric,midpoint,4.0,,2,200,-0.765193521976471,0.765193521976471,0.03121945634484291,19.894108125008643,3.9788216250017285
ODE geometric midpoint (steps=4),geometric,midpoint,4.0,,2,400,-0.22141847014427185,0.22141847014427185,0.007720650639384985,19.689682917378377,7.875873166951351
ODE geometric midpoint (steps=4),geometric,midpoint,4.0,,2,800,-0.11355509608983994,0.11355509608983994,0.0038643889129161835,19.54482499990263,15.635859999922104
ODE geometric midpoint (steps=4),geometric,midpoint,4.0,,2,1600,-0.08502715080976486,0.08502715080976486,0.0038353162817656994,19.522257890639594,31.23561262502335
ODE geometric midpoint (steps=4),geometric,midpoint,4.0,,2,3200,-0.05970238149166107,0.05970238149166107,0.0036113429814577103,19.48059223966993,62.33789516694378
ODE geometric midpoint (steps=4),geometric,midpoint,4.0,,1,200,-0.5734941363334656,0.5734941363334656,0.03224123269319534,20.22513562522363,4.045027125044726
ODE geometric midpoint (steps=4),geometric,midpoint,4.0,,1,400,-0.15705277025699615,0.15705277025699615,0.005492886062711477,20.036667187523562,8.014666875009425
ODE geometric midpoint (steps=4),geometric,midpoint,4.0,,1,800,-0.10358155518770218,0.10358155518770218,0.004095546435564756,19.999974531237967,15.999979624990374
ODE geometric midpoint (steps=4),geometric,midpoint,4.0,,1,1600,-0.0775524377822876,0.0775524377822876,0.003660379210487008,19.926588801899925,31.88254208303988
ODE geometric midpoint (steps=4),geometric,midpoint,4.0,,1,3200,-0.07101527601480484,0.07101527601480484,0.003464250359684229,19.918360924384615,63.73875495803077
ODE geometric midpoint (steps=4),geometric,midpoint,4.0,,3,200,-0.6391767263412476,0.6391767263412476,0.01862182840704918,18.56768312456552,3.713536624913104
ODE geometric midpoint (steps=4),geometric,midpoint,4.0,,3,400,-0.22691142559051514,0.22691142559051514,0.00663420557975769,18.608962915022857,7.443585166009143
ODE geometric midpoint (steps=4),geometric,midpoint,4.0,,3,800,-0.09976564347743988,0.09976564347743988,0.004151265136897564,18.463490519934567,14.770792415947653
ODE geometric midpoint (steps=4),geometric,midpoint,4.0,,3,1600,-0.05203625559806824,0.05203625559806824,0.0026984335854649544,18.405716197448783,29.449145915918052
ODE geometric midpoint (steps=4),geometric,midpoint,4.0,,3,3200,-0.04671166092157364,0.04671166092157364,0.0028704677242785692,18.51095214842644,59.23504687496461
ODE geometric midpoint (steps=16),geometric,midpoint,16.0,,1,200,-0.5736306309700012,0.5736306309700012,0.032918285578489304,75.33648166980129,15.067296333960257
ODE geometric midpoint (steps=16),geometric,midpoint,16.0,,1,400,-0.16008563339710236,0.16008563339710236,0.005597451701760292,74.8586657299893,29.94346629199572
ODE geometric midpoint (steps=16),geometric,midpoint,16.0,,1,800,-0.10574127733707428,0.10574127733707428,0.004301656503230333,74.79690296866465,59.83752237493172
ODE geometric midpoint (steps=16),geometric,midpoint,16.0,,1,1600,-0.07710444927215576,0.07710444927215576,0.0037062757182866335,74.50973908875312,119.215582542005
ODE geometric midpoint (steps=16),geometric,midpoint,16.0,,1,3200,-0.06905712187290192,0.06905712187290192,0.0034300051629543304,74.48295118498208,238.34544379194267
ODE geometric midpoint (steps=16),geometric,midpoint,16.0,,3,200,-0.6367633938789368,0.6367633938789368,0.018450286239385605,74.59227104496676,14.918454208993353
ODE geometric midpoint (steps=16),geometric,midpoint,16.0,,3,400,-0.22932925820350647,0.22932925820350647,0.006789404433220625,74.33904708479531,29.735618833918124
ODE geometric midpoint (steps=16),geometric,midpoint,16.0,,3,800,-0.09712875634431839,0.09712875634431839,0.004169984720647335,74.13352895862772,59.30682316690218
ODE geometric midpoint (steps=16),geometric,midpoint,16.0,,3,1600,-0.05079798772931099,0.05079798772931099,0.0026595094241201878,73.92277002625633,118.27643204201013
ODE geometric midpoint (steps=16),geometric,midpoint,16.0,,3,3200,-0.045322492718696594,0.045322492718696594,0.0028181378729641438,73.94347953122633,236.61913449992426
ODE geometric midpoint (steps=16),geometric,midpoint,16.0,,2,200,-0.753850519657135,0.753850519657135,0.030909983441233635,70.53440021001734,14.106880042003468
ODE geometric midpoint (steps=16),geometric,midpoint,16.0,,2,400,-0.21455860137939453,0.21455860137939453,0.0076614865101873875,70.1843446874409,28.07373787497636
ODE geometric midpoint (steps=16),geometric,midpoint,16.0,,2,800,-0.10913914442062378,0.10913914442062378,0.003802228718996048,70.07784421861288,56.062275374890305
ODE geometric midpoint (steps=16),geometric,midpoint,16.0,,2,1600,-0.08236400783061981,0.08236400783061981,0.00386643735691905,69.81807622374617,111.70892195799388
ODE geometric midpoint (steps=16),geometric,midpoint,16.0,,2,3200,-0.059098705649375916,0.059098705649375916,0.003571340348571539,69.74703372405202,223.19050791696645
ODE geometric midpoint (steps=32),geometric,midpoint,32.0,,3,200,-0.6366117000579834,0.6366117000579834,0.018440458923578262,152.4078420852311,30.48156841704622
ODE geometric midpoint (steps=32),geometric,midpoint,32.0,,3,400,-0.22934985160827637,0.22934985160827637,0.006770997308194637,151.7976749999798,60.719069999991916
ODE geometric midpoint (steps=32),geometric,midpoint,32.0,,3,800,-0.09952938556671143,0.09952938556671143,0.004181059543043375,151.20458822872024,120.96367058297619
ODE geometric midpoint (steps=32),geometric,midpoint,32.0,,3,1600,-0.0518307089805603,0.0518307089805603,0.0025286267045885324,151.07676932311733,241.72283091698773
ODE geometric midpoint (steps=32),geometric,midpoint,32.0,,3,3200,-0.04544081538915634,0.04544081538915634,0.002778903115540743,150.77979296875128,482.4953375000041
ODE geometric midpoint (steps=32),geometric,midpoint,32.0,,2,200,-0.753523588180542,0.753523588180542,0.03089826926589012,154.10834728972986,30.821669457945973
ODE geometric midpoint (steps=32),geometric,midpoint,32.0,,2,400,-0.21366898715496063,0.21366898715496063,0.007651797495782375,153.66032520745648,61.46413008298259
ODE geometric midpoint (steps=32),geometric,midpoint,32.0,,2,800,-0.11131404340267181,0.11131404340267181,0.003877547336742282,153.42848114625667,122.74278491700534
ODE geometric midpoint (steps=32),geometric,midpoint,32.0,,2,1600,-0.08275125920772552,0.08275125920772552,0.003767043584957719,153.04581776057603,244.87330841692165
ODE geometric midpoint (steps=32),geometric,midpoint,32.0,,2,3200,-0.05860497057437897,0.05860497057437897,0.003489740425720811,152.8859689712408,489.23510070797056
ODE geometric midpoint (steps=32),geometric,midpoint,32.0,,1,200,-0.5736216902732849,0.5736216902732849,0.032902736216783524,142.38310604006983,28.476621208013967
ODE geometric midpoint (steps=32),geometric,midpoint,32.0,,1,400,-0.1596403270959854,0.1596403270959854,0.005594952031970024,141.73281166760717,56.693124667042866
ODE geometric midpoint (steps=32),geometric,midpoint,32.0,,1,800,-0.10554400086402893,0.10554400086402893,0.00422026077285409,141.58912390630576,113.2712991250446
ODE geometric midpoint (steps=32),geometric,midpoint,32.0,,1,1600,-0.07731952518224716,0.07731952518224716,0.003714097198098898,141.054469218725,225.68715074995998
ODE geometric midpoint (steps=32),geometric,midpoint,32.0,,1,3200,-0.06902820616960526,0.06902820616960526,0.003422059118747711,140.82139562498924,450.62846599996556
ODE geometric rk4 (steps=8),geometric,rk4,8.0,,2,200,-0.75348961353302,0.75348961353302,0.03089231625199318,74.91403791471384,14.982807582942769
ODE geometric rk4 (steps=8),geometric,rk4,8.0,,2,400,-0.21429497003555298,0.21429497003555298,0.007631717715412378,74.70353916491149,29.881415665964596
ODE geometric rk4 (steps=8),geometric,rk4,8.0,,2,800,-0.11115457862615585,0.11115457862615585,0.003889539511874318,74.56738176988438,59.6539054159075
ODE geometric rk4 (steps=8),geometric,rk4,8.0,,2,1600,-0.08275128901004791,0.08275128901004791,0.003816960845142603,74.50636210931407,119.21017937490251
ODE geometric rk4 (steps=8),geometric,rk4,8.0,,2,3200,-0.059809181839227676,0.059809181839227676,0.003544253995642066,74.62096643215773,238.78709258290473
ODE geometric rk4 (steps=8),geometric,rk4,8.0,,1,200,-0.5734318494796753,0.5734318494796753,0.03289678692817688,76.1385964602232,15.22771929204464
ODE geometric rk4 (steps=8),geometric,rk4,8.0,,1,400,-0.15942589938640594,0.15942589938640594,0.005566255189478397,75.73033916763961,30.292135667055845
ODE geometric rk4 (steps=8),geometric,rk4,8.0,,1,800,-0.11064933240413666,0.11064933240413666,0.004492439795285463,75.56057755253278,60.44846204202622
ODE geometric rk4 (steps=8),geometric,rk4,8.0,,1,1600,-0.07730506360530853,0.07730506360530853,0.0036685082595795393,75.38508992191055,120.61614387505688
ODE geometric rk4 (steps=8),geometric,rk4,8.0,,1,3200,-0.0694568008184433,0.0694568008184433,0.003429647535085678,75.44842371095001,241.43495587504003
ODE geometric rk4 (steps=8),geometric,rk4,8.0,,3,200,-0.6365582942962646,0.6365582942962646,0.01843678578734398,70.53453166503459,14.106906333006918
ODE geometric rk4 (steps=8),geometric,rk4,8.0,,3,400,-0.22914662957191467,0.22914662957191467,0.006759076379239559,70.39747437491314,28.158989749965258
ODE geometric rk4 (steps=8),geometric,rk4,8.0,,3,800,-0.10071156173944473,0.10071156173944473,0.004265306051820517,70.04662729115807,56.03730183292646
ODE geometric rk4 (steps=8),geometric,rk4,8.0,,3,1600,-0.05099060386419296,0.05099060386419296,0.0027225648518651724,70.03330328123411,112.05328524997458
ODE geometric rk4 (steps=8),geometric,rk4,8.0,,3,3200,-0.04547201469540596,0.04547201469540596,0.002805546158924699,70.20226423155691,224.6472455409821
ODE geometric rk4 (steps=32),geometric,rk4,32.0,,1,200,-0.5734282732009888,0.5734282732009888,0.03289681300520897,308.9913452055771,61.79826904111542
ODE geometric rk4 (steps=32),geometric,rk4,32.0,,1,400,-0.15914909541606903,0.15914909541606903,0.0055724442936480045,307.7619625002262,123.10478500009049
ODE geometric rk4 (steps=32),geometric,rk4,32.0,,1,800,-0.10574282705783844,0.10574282705783844,0.004238260444253683,309.61755036376417,247.69404029101133
ODE geometric rk4 (steps=32),geometric,rk4,32.0,,1,1600,-0.07670421898365021,0.07670421898365021,0.0036847281735390425,308.23409619755694,493.1745539160911
ODE geometric rk4 (steps=32),geometric,rk4,32.0,,1,3200,-0.06877069920301437,0.06877069920301437,0.0034271040931344032,305.5691527471936,977.8212887910195
ODE geometric rk4 (steps=32),geometric,rk4,32.0,,3,200,-0.6365593075752258,0.6365593075752258,0.01843709498643875,305.07766458496917,61.015532916993834
ODE geometric rk4 (steps=32),geometric,rk4,32.0,,3,400,-0.22911864519119263,0.22911864519119263,0.006761251483112574,307.8366604173789,123.13466416695155
ODE geometric rk4 (steps=32),geometric,rk4,32.0,,3,800,-0.09615156054496765,0.09615156054496765,0.004103782586753368,306.7567832811619,245.40542662492953
ODE geometric rk4 (steps=32),geometric,rk4,32.0,,3,1600,-0.05072259530425072,0.05072259530425072,0.0026848595589399338,304.9549092706002,487.9278548329603
ODE geometric rk4 (steps=32),geometric,rk4,32.0,,3,3200,-0.04635673016309738,0.04635673016309738,0.0027775915805250406,296.745047421864,949.5841517499648
ODE geometric rk4 (steps=32),geometric,rk4,32.0,,2,200,-0.7534633874893188,0.7534633874893188,0.030891479924321175,289.4096612499561,57.88193224999122
ODE geometric rk4 (steps=32),geometric,rk4,32.0,,2,400,-0.21388496458530426,0.21388496458530426,0.007620770018547773,292.2916667701793,116.91666670807172
ODE geometric rk4 (steps=32),geometric,rk4,32.0,,2,800,-0.10951142013072968,0.10951142013072968,0.0038409738335758448,292.39704520761734,233.91763616609387
ODE geometric rk4 (steps=32),geometric,rk4,32.0,,2,1600,-0.08377577364444733,0.08377577364444733,0.003779014339670539,289.68503679687274,463.4960588749964
ODE geometric rk4 (steps=32),geometric,rk4,32.0,,2,3200,-0.058764614164829254,0.058764614164829254,0.003567376406863332,284.74189839846076,911.1740748750744
ODE geometric dopri5,geometric,dopri5,,,3,200,-0.6365871429443359,0.6365871429443359,0.018437108024954796,70.88183853949886,14.176367707899772
ODE geometric dopri5,geometric,dopri5,,,3,400,-0.22915120422840118,0.22915120422840118,0.006759341806173325,79.71537676989101,31.886150707956403
ODE geometric dopri5,geometric,dopri5,,,3,800,-0.09570035338401794,0.09570035338401794,0.004107109270989895,92.22236249988782,73.77788999991026
ODE geometric dopri5,geometric,dopri5,,,3,1600,-0.05067811906337738,0.05067811906337738,0.0026656531263142824,103.37092322872195,165.39347716595512
ODE geometric dopri5,geometric,dopri5,,,3,3200,-0.0468316413462162,0.0468316413462162,0.0027725212275981903,111.86440239562216,357.9660876659909
ODE geometric dopri5,geometric,dopri5,,,2,200,-0.7540975213050842,0.7540975213050842,0.0309566929936409,86.40612374991179,17.281224749982357
ODE geometric dopri5,geometric,dopri5,,,2,400,-0.21057988703250885,0.21057988703250885,0.007552255876362324,90.88589218765264,36.35435687506106
ODE geometric dopri5,geometric,dopri5,,,2,800,-0.1104077473282814,0.1104077473282814,0.003857577918097377,104.1018576049828,83.28148608398624
ODE geometric dopri5,geometric,dopri5,,,2,1600,-0.08425183594226837,0.08425183594226837,0.00391831761226058,116.2565004168573,186.0104006669717
ODE geometric dopri5,geometric,dopri5,,,2,3200,-0.05957663059234619,0.05957663059234619,0.0036071815993636847,121.08189828126342,387.46207450004295
ODE geometric dopri5,geometric,dopri5,,,1,200,-0.5738599300384521,0.5738599300384521,0.03290865197777748,71.04705708450638,14.209411416901276
ODE geometric dopri5,geometric,dopri5,,,1,400,-0.16088330745697021,0.16088330745697021,0.005619529169052839,86.42586218746146,34.570344874984585
ODE geometric dopri5,geometric,dopri5,,,1,800,-0.10605944693088531,0.10605944693088531,0.004386864136904478,100.85321145874332,80.68256916699465
ODE geometric dopri5,geometric,dopri5,,,1,1600,-0.07653209567070007,0.07653209567070007,0.0036968167405575514,109.81264494810603,175.70023191696964
ODE geometric dopri5,geometric,dopri5,,,1,3200,-0.06804412603378296,0.06804412603378296,0.0034013933036476374,113.35580032558937,362.738561041886
Exact Marginalization,,,,,3,200,-0.5425822138786316,0.5425822138786316,0.015993984416127205,8.957985000452027,1.7915970000904053
Exact Marginalization,,,,,3,400,-0.1626937985420227,0.1626937985420227,0.005829706788063049,8.87055302009685,3.54822120803874
Exact Marginalization,,,,,3,800,-0.07018085569143295,0.07018085569143295,0.003748876042664051,8.895907083788188,7.1167256670305505
Exact Marginalization,,,,,3,1600,-0.04612412303686142,0.04612412303686142,0.0024798691738396883,8.988464505018783,14.381543208030052
Exact Marginalization,,,,,3,3200,-0.042048513889312744,0.042048513889312744,0.0027945174369961023,9.022016861890734,28.870453958050348
Exact Marginalization,,,,,1,200,-0.4112813174724579,0.4112813174724579,0.026871440932154655,8.664560415199958,1.7329120830399916
Exact Marginalization,,,,,1,400,-0.10434623062610626,0.10434623062610626,0.005911283195018768,8.608828852593433,3.4435315410373732
Exact Marginalization,,,,,1,800,-0.06744710355997086,0.06744710355997086,0.003669906873255968,8.634984947566409,6.907987958053127
Exact Marginalization,,,,,1,1600,-0.04855649173259735,0.04855649173259735,0.002698260825127363,8.790091067567118,14.06414570810739
Exact Marginalization,,,,,1,3200,-0.0400778204202652,0.0400778204202652,0.0027939132414758205,8.848047395658796,28.313751666108146
Exact Marginalization,,,,,2,200,-0.537120521068573,0.537120521068573,0.029108926653862,8.45967291505076,1.691934583010152
Exact Marginalization,,,,,2,400,-0.16145214438438416,0.16145214438438416,0.00593496672809124,8.38860479008872,3.3554419160354882
Exact Marginalization,,,,,2,800,-0.0955299660563469,0.0955299660563469,0.004608700983226299,8.386259843682637,6.70900787494611
Exact Marginalization,,,,,2,1600,-0.056907061487436295,0.056907061487436295,0.003381337970495224,8.501845911232522,13.602953457972035
Exact Marginalization,,,,,2,3200,-0.042691294103860855,0.042691294103860855,0.002501518465578556,8.529744752486295,27.295183207956143
Straight-Through (tau=0.3),,,,0.3,3,200,-1.0787709951400757,1.0787709951400757,0.03277921676635742,3.198242500075139,0.6396485000150278
Straight-Through (tau=0.3),,,,0.3,3,400,-0.30050918459892273,0.30050918459892273,0.009535139426589012,3.3344976051012054,1.3337990420404822
Straight-Through (tau=0.3),,,,0.3,3,800,-0.1060476303100586,0.1060476303100586,0.003978842869400978,3.3288155212358106,2.6630524169886485
Straight-Through (tau=0.3),,,,0.3,3,1600,-0.05835834890604019,0.05835834890604019,0.003381298389285803,3.268249583124998,5.229199332999997
Straight-Through (tau=0.3),,,,0.3,3,3200,-0.04692377895116806,0.04692377895116806,0.002605905057862401,3.2831140756388777,10.505965042044409
Straight-Through (tau=0.3),,,,0.3,1,200,-0.7221753001213074,0.7221753001213074,0.043990280479192734,3.183387290337123,0.6366774580674246
Straight-Through (tau=0.3),,,,0.3,1,400,-0.16031065583229065,0.16031065583229065,0.004815285559743643,3.165700414974708,1.2662801659898832
Straight-Through (tau=0.3),,,,0.3,1,800,-0.1141587644815445,0.1141587644815445,0.00451392587274313,3.1681723437213805,2.5345378749771044
Straight-Through (tau=0.3),,,,0.3,1,1600,-0.11096592247486115,0.11096592247486115,0.0043711368925869465,3.2257608593499754,5.161217374959961
Straight-Through (tau=0.3),,,,0.3,1,3200,-0.1050412505865097,0.1050412505865097,0.004488359671086073,3.231645169071271,10.341264541028067
Straight-Through (tau=0.3),,,,0.3,2,200,-0.8088197708129883,0.8088197708129883,0.040388256311416626,3.032655415008776,0.6065310830017552
Straight-Through (tau=0.3),,,,0.3,2,400,-0.2176923304796219,0.2176923304796219,0.006789752747863531,3.0411406251369044,1.2164562500547618
Straight-Through (tau=0.3),,,,0.3,2,800,-0.11498865485191345,0.11498865485191345,0.004742813296616077,3.0494629687746055,2.4395703750196844
Straight-Through (tau=0.3),,,,0.3,2,1600,-0.10368198156356812,0.10368198156356812,0.0042487503960728645,3.05160919255286,4.882574708084576
Straight-Through (tau=0.3),,,,0.3,2,3200,-0.08394083380699158,0.08394083380699158,0.004556611645966768,3.123277447812143,9.994487832998857
ODE linear euler (steps=32),linear,euler,32.0,,3,200,-0.6765760183334351,0.6765760183334351,0.019563481211662292,59.196223960025236,11.839244792005047
ODE linear euler (steps=32),linear,euler,32.0,,3,400,-0.31434768438339233,0.31434768438339233,0.008642674423754215,59.24348114494933,23.69739245797973
ODE linear euler (steps=32),linear,euler,32.0,,3,800,-0.10899227857589722,0.10899227857589722,0.004682871047407389,59.39618880249327,47.516951041994616
ODE linear euler (steps=32),linear,euler,32.0,,3,1600,-0.054850272834300995,0.054850272834300995,0.0026618889532983303,59.45292367192451,95.12467787507921
ODE linear euler (steps=32),linear,euler,32.0,,3,3200,-0.046438004821538925,0.046438004821538925,0.00279076281003654,59.18826014312799,189.40243245800957
ODE linear euler (steps=32),linear,euler,32.0,,1,200,-0.5514942407608032,0.5514942407608032,0.03182002156972885,78.57078041473869,15.714156082947738
ODE linear euler (steps=32),linear,euler,32.0,,1,400,-0.167464941740036,0.167464941740036,0.005936965811997652,78.60538593755336,31.442154375021346
ODE linear euler (steps=32),linear,euler,32.0,,1,800,-0.10192389786243439,0.10192389786243439,0.004175871144980192,78.79672942741308,63.03738354193047
ODE linear euler (steps=32),linear,euler,32.0,,1,1600,-0.07524693757295609,0.07524693757295609,0.0037173880264163017,70.31658270811022,112.50653233297635
ODE linear euler (steps=32),linear,euler,32.0,,1,3200,-0.06536233425140381,0.06536233425140381,0.0033919652923941612,64.21780180997303,205.49696579191368
ODE linear euler (steps=32),linear,euler,32.0,,2,200,-0.755558431148529,0.755558431148529,0.0315651036798954,75.80832353967708,15.161664707935415
ODE linear euler (steps=32),linear,euler,32.0,,2,400,-0.21624784171581268,0.21624784171581268,0.008034574799239635,75.78285728988703,30.313142915954813
ODE linear euler (steps=32),linear,euler,32.0,,2,800,-0.11186133325099945,0.11186133325099945,0.0039006134029477835,73.47273197869072,58.778185582952574
ODE linear euler (steps=32),linear,euler,32.0,,2,1600,-0.08742225915193558,0.08742225915193558,0.004111448302865028,64.4735133593349,103.15762137493584
ODE linear euler (steps=32),linear,euler,32.0,,2,3200,-0.06227022781968117,0.06227022781968117,0.0037411756347864866,60.066583398438524,192.21306687500328
ODE linear rk4 (steps=4),linear,rk4,4.0,,3,200,-0.6850323677062988,0.6850323677062988,0.019421294331550598,29.798772705253214,5.959754541050643
ODE linear rk4 (steps=4),linear,rk4,4.0,,3,400,-0.3110257685184479,0.3110257685184479,0.009423652663826942,29.749863437609747,11.899945375043899
ODE linear rk4 (steps=4),linear,rk4,4.0,,3,800,-0.0991707295179367,0.0991707295179367,0.00407036067917943,29.995013697480317,23.996010957984254
ODE linear rk4 (steps=4),linear,rk4,4.0,,3,1600,-0.04859136417508125,0.04859136417508125,0.002478292677551508,29.91297221313289,47.86075554101262
ODE linear rk4 (steps=4),linear,rk4,4.0,,3,3200,-0.04477372393012047,0.04477372393012047,0.0027064236346632242,29.789425833150744,95.32616266608238
ODE linear rk4 (steps=4),linear,rk4,4.0,,1,200,-0.5689709186553955,0.5689709186553955,0.03278471156954765,29.193069374887273,5.8386138749774545
ODE linear rk4 (steps=4),linear,rk4,4.0,,1,400,-0.17007237672805786,0.17007237672805786,0.0054948641918599606,29.24898551980732,11.699594207922928
ODE linear rk4 (steps=4),linear,rk4,4.0,,1,800,-0.10545124113559723,0.10545124113559723,0.004496404901146889,29.156003749958472,23.324802999966778
ODE linear rk4 (steps=4),linear,rk4,4.0,,1,1600,-0.07353433966636658,0.07353433966636658,0.0037064580246806145,29.337900520622497,46.940640832995996
ODE linear rk4 (steps=4),linear,rk4,4.0,,1,3200,-0.06592204421758652,0.06592204421758652,0.003221797989681363,29.23071818997414,93.53829820791725
ODE linear rk4 (steps=4),linear,rk4,4.0,,2,200,-0.7684476375579834,0.7684476375579834,0.03170422464609146,28.182929165195674,5.636585833039135
ODE linear rk4 (steps=4),linear,rk4,4.0,,2,400,-0.2099141925573349,0.2099141925573349,0.007748542819172144,28.474381040141452,11.38975241605658
ODE linear rk4 (steps=4),linear,rk4,4.0,,2,800,-0.11283484101295471,0.11283484101295471,0.0038990378379821777,28.040530156285968,22.432424125028774
ODE linear rk4 (steps=4),linear,rk4,4.0,,2,1600,-0.08063296228647232,0.08063296228647232,0.0038028331473469734,27.97920044249622,44.766720707993954
ODE linear rk4 (steps=4),linear,rk4,4.0,,2,3200,-0.05679157003760338,0.05679157003760338,0.003491345327347517,27.912515859388805,89.32005075004417
ODE geometric euler (steps=4),geometric,euler,4.0,,3,200,-0.5659255385398865,0.5659255385398865,0.01956547424197197,10.92496271012351,2.184992542024702
ODE geometric euler (steps=4),geometric,euler,4.0,,3,400,-0.33910006284713745,0.33910006284713745,0.01478906162083149,10.871117605129257,4.348447042051703
ODE geometric euler (steps=4),geometric,euler,4.0,,3,800,-0.49601978063583374,0.49601978063583374,0.009898388758301735,10.82048182375729,8.656385459005833
ODE geometric euler (steps=4),geometric,euler,4.0,,3,1600,-0.8042994737625122,0.8042994737625122,0.012250679545104504,10.836203906292212,17.33792625006754
ODE geometric euler (steps=4),geometric,euler,4.0,,3,3200,-0.9529041051864624,0.9529041051864624,0.013052249327301979,10.993713724092231,35.17988391709514
ODE geometric euler (steps=4),geometric,euler,4.0,,1,200,-0.6155334711074829,0.6155334711074829,0.04459614306688309,10.897056664689444,2.179411332937889
ODE geometric euler (steps=4),geometric,euler,4.0,,1,400,-0.3468143939971924,0.3468143939971924,0.018955323845148087,10.748678020027,4.2994712080108
ODE geometric euler (steps=4),geometric,euler,4.0,,1,800,-0.7219783663749695,0.7219783663749695,0.013121502473950386,10.670359218784142,8.536287375027314
ODE geometric euler (steps=4),geometric,euler,4.0,,1,1600,-0.9011926651000977,0.9011926651000977,0.013426586054265499,10.777846198107,17.2445539169712
ODE geometric euler (steps=4),geometric,euler,4.0,,1,3200,-0.9040085077285767,0.9040085077285767,0.012907428666949272,10.841505559983489,34.692817791947164
ODE geometric euler (steps=4),geometric,euler,4.0,,2,200,-0.8867390751838684,0.8867390751838684,0.04098478704690933,10.183486875030212,2.0366973750060424
ODE geometric euler (steps=4),geometric,euler,4.0,,2,400,-0.37801429629325867,0.37801429629325867,0.014323885552585125,10.069736145087518,4.027894458035007
ODE geometric euler (steps=4),geometric,euler,4.0,,2,800,-0.6770398616790771,0.6770398616790771,0.013511319644749165,10.005935832450632,8.004748665960506
ODE geometric euler (steps=4),geometric,euler,4.0,,2,1600,-0.9301027059555054,0.9301027059555054,0.012465097941458225,10.05738041625591,16.091808666009456
ODE geometric euler (steps=4),geometric,euler,4.0,,2,3200,-0.9793509244918823,0.9793509244918823,0.011867078021168709,10.16118878906127,32.515804124996066
ODE geometric midpoint (steps=8),geometric,midpoint,8.0,,3,200,-0.6374671459197998,0.6374671459197998,0.01848827674984932,38.724942289991304,7.744988457998261
ODE geometric midpoint (steps=8),geometric,midpoint,8.0,,3,400,-0.23050837218761444,0.23050837218761444,0.0068335155956447124,38.45905802008929,15.383623208035715
ODE geometric midpoint (steps=8),geometric,midpoint,8.0,,3,800,-0.09866369515657425,0.09866369515657425,0.004166740458458662,38.27512411371572,30.620099290972576
ODE geometric midpoint (steps=8),geometric,midpoint,8.0,,3,1600,-0.05043919011950493,0.05043919011950493,0.002658784855157137,38.23876960937923,61.18203137500677
ODE geometric midpoint (steps=8),geometric,midpoint,8.0,,3,3200,-0.04633651301264763,0.04633651301264763,0.002803524024784565,38.21556126280484,122.28979604097549
ODE geometric midpoint (steps=8),geometric,midpoint,8.0,,1,200,-0.5704185962677002,0.5704185962677002,0.03196733817458153,37.61382146039978,7.522764292079955
ODE geometric midpoint (steps=8),geometric,midpoint,8.0,,1,400,-0.15977022051811218,0.15977022051811218,0.005580616183578968,37.29737583518727,14.918950334074907
ODE geometric midpoint (steps=8),geometric,midpoint,8.0,,1,800,-0.10785894840955734,0.10785894840955734,0.004337707068771124,37.212429792562034,29.769943834049627
ODE geometric midpoint (steps=8),geometric,midpoint,8.0,,1,1600,-0.07662840187549591,0.07662840187549591,0.0036494508385658264,37.04470809941995,59.27153295907192
ODE geometric midpoint (steps=8),geometric,midpoint,8.0,,1,3200,-0.06967084854841232,0.06967084854841232,0.0034503184724599123,37.009333554706245,118.42986737505998
ODE geometric midpoint (steps=8),geometric,midpoint,8.0,,2,200,-0.7576760053634644,0.7576760053634644,0.030985644087195396,35.56211583490949,7.112423166981898
ODE geometric midpoint (steps=8),geometric,midpoint,8.0,,2,400,-0.21651077270507812,0.21651077270507812,0.007649296894669533,35.28474968741648,14.113899874966592
ODE geometric midpoint (steps=8),geometric,midpoint,8.0,,2,800,-0.11248932778835297,0.11248932778835297,0.0038541173562407494,35.16716052123229,28.133728416985832
ODE geometric midpoint (steps=8),geometric,midpoint,8.0,,2,1600,-0.08157921582460403,0.08157921582460403,0.003910708241164684,35.071109088748926,56.11377454199828
ODE geometric midpoint (steps=8),geometric,midpoint,8.0,,2,3200,-0.057792048901319504,0.057792048901319504,0.003547998843714595,35.02058076843241,112.06585845898371
ODE geometric rk4 (steps=16),geometric,rk4,16.0,,3,200,-0.6365595459938049,0.6365595459938049,0.018437091261148453,153.85875646024942,30.771751292049885
ODE geometric rk4 (steps=16),geometric,rk4,16.0,,3,400,-0.2291182279586792,0.2291182279586792,0.006760936696082354,153.60081760503817,61.44032704201527
ODE geometric rk4 (steps=16),geometric,rk4,16.0,,3,800,-0.09559358656406403,0.09559358656406403,0.004162133205682039,153.45479598996462,122.7638367919717
ODE geometric rk4 (steps=16),geometric,rk4,16.0,,3,1600,-0.051197394728660583,0.051197394728660583,0.002678451593965292,154.29710325566703,246.87536520906724
ODE geometric rk4 (steps=16),geometric,rk4,16.0,,3,3200,-0.04551863297820091,0.04551863297820091,0.002763556083664298,154.71771625001566,495.0966920000501
ODE geometric rk4 (steps=16),geometric,rk4,16.0,,1,200,-0.5734286904335022,0.5734286904335022,0.03289671242237091,149.44194645970128,29.888389291940257
ODE geometric rk4 (steps=16),geometric,rk4,16.0,,1,400,-0.15912982821464539,0.15912982821464539,0.005573458503931761,149.07961468736175,59.6318458749447
ODE geometric rk4 (steps=16),geometric,rk4,16.0,,1,800,-0.10746009647846222,0.10746009647846222,0.004322586581110954,148.6245156249788,118.89961249998305
ODE geometric rk4 (steps=16),geometric,rk4,16.0,,1,1600,-0.07600363343954086,0.07600363343954086,0.0036831258330494165,148.32544924502145,237.3207187920343
ODE geometric rk4 (steps=16),geometric,rk4,16.0,,1,3200,-0.06890152394771576,0.06890152394771576,0.0033787195570766926,148.53396934904595,475.30870191694703
ODE geometric rk4 (steps=16),geometric,rk4,16.0,,2,200,-0.753469705581665,0.753469705581665,0.03089149296283722,141.60739708517212,28.321479417034425
ODE geometric rk4 (steps=16),geometric,rk4,16.0,,2,400,-0.2135608196258545,0.2135608196258545,0.007618201896548271,141.51034073001938,56.60413629200775
ODE geometric rk4 (steps=16),geometric,rk4,16.0,,2,800,-0.11057224869728088,0.11057224869728088,0.003883643075823784,141.3428321875108,113.07426575000864
ODE geometric rk4 (steps=16),geometric,rk4,16.0,,2,1600,-0.08361946791410446,0.08361946791410446,0.0038316738791763783,142.43975106815924,227.90360170905478
ODE geometric rk4 (steps=16),geometric,rk4,16.0,,2,3200,-0.05899211764335632,0.05899211764335632,0.003582600736990571,142.11425561217766,454.7656179589685
Straight-Through (tau=1.0),,,,1.0,2,200,-0.8670449256896973,0.8670449256896973,0.039774566888809204,3.1723731255624443,0.6344746251124889
Straight-Through (tau=1.0),,,,1.0,2,400,-0.23366615176200867,0.23366615176200867,0.008625061251223087,3.200242397724651,1.2800969590898603
Straight-Through (tau=1.0),,,,1.0,2,800,-0.13174961507320404,0.13174961507320404,0.005293732509016991,3.2076856250932906,2.5661485000746325
Straight-Through (tau=1.0),,,,1.0,2,1600,-0.11253396421670914,0.11253396421670914,0.004501056391745806,3.2267987763043493,5.162878042086959
Straight-Through (tau=1.0),,,,1.0,2,3200,-0.10815504193305969,0.10815504193305969,0.004593993537127972,3.193433281267062,10.218986500054598
Straight-Through (tau=1.0),,,,1.0,1,200,-0.8479886054992676,0.8479886054992676,0.04618610814213753,3.5070593748241663,0.7014118749648333
Straight-Through (tau=1.0),,,,1.0,1,400,-0.23189960420131683,0.23189960420131683,0.006964841391891241,3.2741718750912696,1.3096687500365078
Straight-Through (tau=1.0),,,,1.0,1,800,-0.13295015692710876,0.13295015692710876,0.004759808536618948,3.1445853125478607,2.5156682500382885
Straight-Through (tau=1.0),,,,1.0,1,1600,-0.11184810101985931,0.11184810101985931,0.004471480380743742,3.0540527343691792,4.886484374990687
Straight-Through (tau=1.0),,,,1.0,1,3200,-0.10702537000179291,0.10702537000179291,0.004554176703095436,3.010081536558573,9.632260916987434
Straight-Through (tau=1.0),,,,1.0,3,200,-1.0406346321105957,1.0406346321105957,0.033535707741975784,3.0954524996923283,0.6190904999384657
Straight-Through (tau=1.0),,,,1.0,3,400,-0.4271013140678406,0.4271013140678406,0.010758299380540848,3.0831427074735984,1.2332570829894394
Straight-Through (tau=1.0),,,,1.0,3,800,-0.18626846373081207,0.18626846373081207,0.004520191345363855,3.06758906255709,2.454071250045672
Straight-Through (tau=1.0),,,,1.0,3,1600,-0.089940644800663,0.089940644800663,0.00404343381524086,3.1065292705898173,4.970446832943708
Straight-Through (tau=1.0),,,,1.0,3,3200,-0.06756138801574707,0.06756138801574707,0.003277810290455818,3.0964370831134147,9.908598665962927
ODE linear euler (steps=8),linear,euler,8.0,,2,200,-0.7544907927513123,0.7544907927513123,0.03255913406610489,21.911573330289684,4.382314666057937
ODE linear euler (steps=8),linear,euler,8.0,,2,400,-0.24686995148658752,0.24686995148658752,0.009515003301203251,21.79348447767552,8.717393791070208
ODE linear euler (steps=8),linear,euler,8.0,,2,800,-0.13873893022537231,0.13873893022537231,0.004801649134606123,21.514661822584458,17.211729458067566
ODE linear euler (steps=8),linear,euler,8.0,,2,1600,-0.11897601187229156,0.11897601187229156,0.005218840669840574,21.52677885373123,34.44284616596997
ODE linear euler (steps=8),linear,euler,8.0,,2,3200,-0.1027890145778656,0.1027890145778656,0.005056098103523254,21.452470286239986,68.64790491596796
ODE linear euler (steps=8),linear,euler,8.0,,1,200,-0.5546789169311523,0.5546789169311523,0.03547043725848198,20.699123539961874,4.139824707992375
ODE linear euler (steps=8),linear,euler,8.0,,1,400,-0.17942753434181213,0.17942753434181213,0.007495579309761524,21.077532707422506,8.431013082969002
ODE linear euler (steps=8),linear,euler,8.0,,1,800,-0.1229541003704071,0.1229541003704071,0.005089819896966219,20.88279156247154,16.70623324997723
ODE linear euler (steps=8),linear,euler,8.0,,1,1600,-0.10626913607120514,0.10626913607120514,0.004568080883473158,20.78861153626349,33.26177845802158
ODE linear euler (steps=8),linear,euler,8.0,,1,3200,-0.1038670614361763,0.1038670614361763,0.004673023242503405,20.582021249974787,65.86246799991932
ODE linear euler (steps=8),linear,euler,8.0,,3,200,-0.6161104440689087,0.6161104440689087,0.017932461574673653,21.028782085049897,4.2057564170099795
ODE linear euler (steps=8),linear,euler,8.0,,3,400,-0.2501695156097412,0.2501695156097412,0.007461393717676401,20.927115519880317,8.370846207952127
ODE linear euler (steps=8),linear,euler,8.0,,3,800,-0.14558932185173035,0.14558932185173035,0.005985741503536701,20.713756718760123,16.5710053750081
ODE linear euler (steps=8),linear,euler,8.0,,3,1600,-0.10220320522785187,0.10220320522785187,0.004181303083896637,20.65093848934339,33.04150158294942
ODE linear euler (steps=8),linear,euler,8.0,,3,3200,-0.08431210368871689,0.08431210368871689,0.004176117479801178,20.505089427169878,65.61628616694361
ODE linear midpoint (steps=16),linear,midpoint,16.0,,2,200,-0.7659072875976562,0.7659072875976562,0.03162809833884239,57.18605687492527,11.437211374985054
ODE linear midpoint (steps=16),linear,midpoint,16.0,,2,400,-0.20921006798744202,0.20921006798744202,0.00770861841738224,57.17403416754678,22.86961366701871
ODE linear midpoint (steps=16),linear,midpoint,16.0,,2,800,-0.10971003770828247,0.10971003770828247,0.003828752785921097,57.167441771161975,45.73395341692958
ODE linear midpoint (steps=16),linear,midpoint,16.0,,2,1600,-0.08078745752573013,0.08078745752573013,0.003841961268335581,57.1893868749612,91.50301899993792
ODE linear midpoint (steps=16),linear,midpoint,16.0,,2,3200,-0.056981202214956284,0.056981202214956284,0.003438975429162383,57.235009179676126,183.1520293749636
ODE linear midpoint (steps=16),linear,midpoint,16.0,,1,200,-0.5693891048431396,0.5693891048431396,0.032803308218717575,57.16761249990668,11.433522499981336
ODE linear midpoint (steps=16),linear,midpoint,16.0,,1,400,-0.16914193332195282,0.16914193332195282,0.005492019467055798,56.24220103985863,22.49688041594345
ODE linear midpoint (steps=16),linear,midpoint,16.0,,1,800,-0.10584226250648499,0.10584226250648499,0.004556658212095499,55.27979322869214,44.223834582953714
ODE linear midpoint (steps=16),linear,midpoint,16.0,,1,1600,-0.07332614064216614,0.07332614064216614,0.0037180392537266016,54.72788765626319,87.56462025002111
ODE linear midpoint (steps=16),linear,midpoint,16.0,,1,3200,-0.06480728834867477,0.06480728834867477,0.003198523074388504,54.435425442497944,174.19336141599342
ODE linear midpoint (steps=16),linear,midpoint,16.0,,3,200,-0.685219407081604,0.685219407081604,0.019435659050941467,55.113368749734946,11.02267374994699
ODE linear midpoint (steps=16),linear,midpoint,16.0,,3,400,-0.31145912408828735,0.31145912408828735,0.00942754466086626,54.8623784375377,21.94495137501508
ODE linear midpoint (steps=16),linear,midpoint,16.0,,3,800,-0.10388921201229095,0.10388921201229095,0.004276014864444733,54.843439426185796,43.87475154094864
ODE linear midpoint (steps=16),linear,midpoint,16.0,,3,1600,-0.05109607055783272,0.05109607055783272,0.0025219351518899202,54.812660286261234,87.70025645801798
ODE linear midpoint (steps=16),linear,midpoint,16.0,,3,3200,-0.044735610485076904,0.044735610485076904,0.0027176663279533386,54.932365012828086,175.78356804104988
ODE linear rk4 (steps=32),linear,rk4,32.0,,2,200,-0.7659600377082825,0.7659600377082825,0.03163088485598564,236.87854896008503,47.375709792017005
ODE linear rk4 (steps=32),linear,rk4,32.0,,2,400,-0.20978665351867676,0.20978665351867676,0.0076931435614824295,236.52099166763946,94.60839666705579
ODE linear rk4 (steps=32),linear,rk4,32.0,,2,800,-0.10961325466632843,0.10961325466632843,0.0038496931083500385,235.45832109375624,188.366656875005
ODE linear rk4 (steps=32),linear,rk4,32.0,,2,1600,-0.08177495002746582,0.08177495002746582,0.0038581558037549257,234.7032991150627,375.5252785841003
ODE linear rk4 (steps=32),linear,rk4,32.0,,2,3200,-0.05690733715891838,0.05690733715891838,0.003463765373453498,235.7202916668757,754.3049333340023
ODE linear rk4 (steps=32),linear,rk4,32.0,,1,200,-0.5685344934463501,0.5685344934463501,0.03278431296348572,223.38786000036635,44.67757200007327
ODE linear rk4 (steps=32),linear,rk4,32.0,,1,400,-0.1690613329410553,0.1690613329410553,0.005495965015143156,223.38579020753969,89.35431608301587
ODE linear rk4 (steps=32),linear,rk4,32.0,,1,800,-0.1096041202545166,0.1096041202545166,0.004638766869902611,222.77461963501992,178.21969570801593
ODE linear rk4 (steps=32),linear,rk4,32.0,,1,1600,-0.07418021559715271,0.07418021559715271,0.0037296658847481012,222.89155591126473,356.62648945802357
ODE linear rk4 (steps=32),linear,rk4,32.0,,1,3200,-0.06535528600215912,0.06535528600215912,0.0031969579868018627,224.9018097134467,719.6857910830295
ODE linear rk4 (steps=32),linear,rk4,32.0,,3,200,-0.685036301612854,0.685036301612854,0.01942439377307892,225.87557729450054,45.17511545890011
ODE linear rk4 (steps=32),linear,rk4,32.0,,3,400,-0.31083619594573975,0.31083619594573975,0.00942421704530716,225.22821135498816,90.09128454199526
ODE linear rk4 (steps=32),linear,rk4,32.0,,3,800,-0.10601475089788437,0.10601475089788437,0.004339257720857859,224.9976183337276,179.99809466698207
ODE linear rk4 (steps=32),linear,rk4,32.0,,3,1600,-0.05029868707060814,0.05029868707060814,0.002517460845410824,225.7568642187107,361.2109827499371
ODE linear rk4 (steps=32),linear,rk4,32.0,,3,3200,-0.044158365577459335,0.044158365577459335,0.002699990523979068,226.85354378903867,725.9313401249237
ODE geometric euler (steps=32),geometric,euler,32.0,,2,200,-0.7615039348602295,0.7615039348602295,0.03137080371379852,74.84306041500531,14.968612083001062
ODE geometric euler (steps=32),geometric,euler,32.0,,2,400,-0.22528880834579468,0.22528880834579468,0.008018089458346367,75.10749604000011,30.042998416000046
ODE geometric euler (steps=32),geometric,euler,32.0,,2,800,-0.11035753041505814,0.11035753041505814,0.004034345969557762,74.73128973870189,59.78503179096151
ODE geometric euler (steps=32),geometric,euler,32.0,,2,1600,-0.0840095579624176,0.0840095579624176,0.004077998921275139,74.63047148441547,119.40875437506475
ODE geometric euler (steps=32),geometric,euler,32.0,,2,3200,-0.062510184943676,0.062510184943676,0.00376761588267982,74.69334332032304,239.01869862503372
ODE geometric euler (steps=32),geometric,euler,32.0,,1,200,-0.5615810751914978,0.5615810751914978,0.032431721687316895,71.2391960399691,14.24783920799382
ODE geometric euler (steps=32),geometric,euler,32.0,,1,400,-0.15691867470741272,0.15691867470741272,0.006048030219972134,70.96052145760041,28.384208583040163
ODE geometric euler (steps=32),geometric,euler,32.0,,1,800,-0.10201305150985718,0.10201305150985718,0.00437021953985095,71.19106598998769,56.95285279199015
ODE geometric euler (steps=32),geometric,euler,32.0,,1,1600,-0.07773864269256592,0.07773864269256592,0.003898550057783723,70.96906138001941,113.55049820803106
ODE geometric euler (steps=32),geometric,euler,32.0,,1,3200,-0.07015176117420197,0.07015176117420197,0.003694438375532627,70.96187766939693,227.07800854207017
ODE geometric euler (steps=32),geometric,euler,32.0,,3,200,-0.6274886727333069,0.6274886727333069,0.01870390586555004,71.45113228994887,14.290226457989775
ODE geometric euler (steps=32),geometric,euler,32.0,,3,400,-0.2354576289653778,0.2354576289653778,0.007054262328892946,71.31763885496184,28.527055541984737
ODE geometric euler (steps=32),geometric,euler,32.0,,3,800,-0.11025352776050568,0.11025352776050568,0.00486918305978179,71.0328560412745,56.8262848330196
ODE geometric euler (steps=32),geometric,euler,32.0,,3,1600,-0.05451159179210663,0.05451159179210663,0.0029144964646548033,70.88084570314095,113.40935312502552
ODE geometric euler (steps=32),geometric,euler,32.0,,3,3200,-0.04711613804101944,0.04711613804101944,0.003056008368730545,71.0660019662464,227.4112062919885
ODE geometric rk4 (steps=4),geometric,rk4,4.0,,2,200,-0.7540143728256226,0.7540143728256226,0.030911516398191452,37.605332499952056,7.521066499990411
ODE geometric rk4 (steps=4),geometric,rk4,4.0,,2,400,-0.21384358406066895,0.21384358406066895,0.00765461940318346,37.336680209846236,14.934672083938494
ODE geometric rk4 (steps=4),geometric,rk4,4.0,,2,800,-0.11076844483613968,0.11076844483613968,0.003853836329653859,37.2162438549276,29.772995083942078
ODE geometric rk4 (steps=4),geometric,rk4,4.0,,2,1600,-0.08387183398008347,0.08387183398008347,0.0037633113097399473,37.23850856811623,59.58161370898597
ODE geometric rk4 (steps=4),geometric,rk4,4.0,,2,3200,-0.05928334966301918,0.05928334966301918,0.0035202130675315857,37.22594055998343,119.12300979194697
ODE geometric rk4 (steps=4),geometric,rk4,4.0,,1,200,-0.5733604431152344,0.5733604431152344,0.032896872609853745,35.80745375016704,7.161490750033408
ODE geometric rk4 (steps=4),geometric,rk4,4.0,,1,400,-0.15945197641849518,0.15945197641849518,0.00557562755420804,35.442969792638905,14.177187917055562
ODE geometric rk4 (steps=4),geometric,rk4,4.0,,1,800,-0.10897446423768997,0.10897446423768997,0.004453056957572699,35.2173417188169,28.173873375053518
ODE geometric rk4 (steps=4),geometric,rk4,4.0,,1,1600,-0.0765174850821495,0.0765174850821495,0.003680275287479162,35.111878854368115,56.179006166988984
ODE geometric rk4 (steps=4),geometric,rk4,4.0,,1,3200,-0.06853733956813812,0.06853733956813812,0.003383456263691187,35.165757083450444,112.53042266704142
ODE geometric rk4 (steps=4),geometric,rk4,4.0,,3,200,-0.6365153789520264,0.6365153789520264,0.01843278668820858,35.268953750492074,7.053790750098415
ODE geometric rk4 (steps=4),geometric,rk4,4.0,,3,400,-0.22950083017349243,0.22950083017349243,0.006763699930161238,35.18312687519938,14.073250750079751
ODE geometric rk4 (steps=4),geometric,rk4,4.0,,3,800,-0.09598692506551743,0.09598692506551743,0.004046816844493151,35.17200088506797,28.13760070805438
ODE geometric rk4 (steps=4),geometric,rk4,4.0,,3,1600,-0.05040210112929344,0.05040210112929344,0.002650831826031208,35.12160044250777,56.19456070801243
ODE geometric rk4 (steps=4),geometric,rk4,4.0,,3,3200,-0.046669282019138336,0.046669282019138336,0.002776708221063018,35.19683571626956,112.6298742920626
